Scheduled_Time,Trigger_Time,Playlist_URL
2025-02-25 05:00,2025-02-25 05:00,https://www.youtube.com/watch?v=osOM0CnsptE&list=PL1Mv5ndzNvdOo3MewXe-nDuE970ZqLiLx&pp=gAQBiAQB8AUB
2025-02-26 05:00,2025-02-26 05:00,https://www.youtube.com/watch?v=osOM0CnsptE&list=PL1Mv5ndzNvdOo3MewXe-nDuE970ZqLiLx&pp=gAQBiAQB8AUB
2025-02-27 05:00,2025-02-27 05:00,https://www.youtube.com/watch?v=osOM0CnsptE&list=PL1Mv5ndzNvdOo3MewXe-nDuE970ZqLiLx&pp=gAQBiAQB8AUB
2025-02-28 05:00,2025-02-28 05:00,https://www.youtube.com/watch?v=osOM0CnsptE&list=PL1Mv5ndzNvdOo3MewXe-nDuE970ZqLiLx&pp=gAQBiAQB8AUB
2025-03-01 05:00,2025-03-01 05:00,https://www.youtube.com/watch?v=osOM0CnsptE&list=PL1Mv5ndzNvdOo3MewXe-nDuE970ZqLiLx&pp=gAQBiAQB8AUB
2025-03-03 05:00,2025-03-03 05:00,https://www.youtube.com/watch?v=osOM0CnsptE&list=PL1Mv5ndzNvdOo3MewXe-nDuE970ZqLiLx&pp=gAQBiAQB8AUB
2025-03-04 05:00,2025-03-04 05:00,https://www.youtube.com/watch?v=osOM0CnsptE&list=PL1Mv5ndzNvdOo3MewXe-nDuE970ZqLiLx&pp=gAQBiAQB8AUB
2025-03-05 05:00,2025-03-05 05:00,https://www.youtube.com/watch?v=osOM0CnsptE&list=PL1Mv5ndzNvdOo3MewXe-nDuE970ZqLiLx&pp=gAQBiAQB8AUB
2025-03-06 05:00,2025-03-06 05:00,https://www.youtube.com/watch?v=osOM0CnsptE&list=PL1Mv5ndzNvdOo3MewXe-nDuE970ZqLiLx&pp=gAQBiAQB8AUB
